number,title
0,Price Gouging or Economics at Work: Price Intelligence to Track Consumer Sentiment
1,A Practical Guide to Web Data QA Part III: Holistic Data Validation Techniques
2,Product Reviews API (Beta): Extract Product Reviews at Scale
3,Custom crawling & News API: designing a web scraping solution
4,Vehicle API (Beta): Extract Automotive Data at Scale
5,A Practical Guide to Web Data Extraction QA Part II: Common validation pitfalls
6,Transitioning to Remote Working as a Company
7,A Practical Guide to Web Data QA Part I: Validation Techniques
8,COVID-19: Handling the Situation as a Fully Remote Company
9,Extracting clean article HTML with News API
